timestamp,email,plan,billing_cycle
"2026-09-27T19:00:39.687Z","atul.b+7i4w1790535639686@flexifunnels.com","launchpad","monthly"
"2026-09-27T19:00:44.577Z","atul.b+aclw1790535644577@flexifunnels.com","launchpad","yearly"
"2026-09-27T19:00:48.262Z","atul.b+zx3z1790535648261@flexifunnels.com","pro","monthly"
"2026-09-27T19:00:59.077Z","atul.b+g60k1790535659077@flexifunnels.com","launchpad","monthly"
"2026-09-27T19:02:07.351Z","atul.b+okpa1790535727351@flexifunnels.com","launchpad","yearly"
"2026-09-27T19:09:14.290Z","Atul GdFfc","atul.b+3ex21790536154290@flexifunnels.com","pro","with-card","monthly"
"2026-09-27T19:16:18.334Z","Atul yjQKa","atul.b+fiek1790536578334@flexifunnels.com","pro","with-card","monthly"
"2026-09-27T19:19:39.736Z","Atul mcCSr","atul.b+4iwf1790536779735@flexifunnels.com","pro","with-card","monthly"
"2026-09-27T19:32:46.252Z","Atul YiiPn","atul.b+9ug91790537566252@flexifunnels.com","pro","with-card","monthly"
"2026-09-28T07:37:22.871Z","Atul PqdgO","atul.b+wpea1790581042871@flexifunnels.com","pro","with-card","monthly"
